{
  "oficinas": [
    {
      "id": "volpine-igor",
      "nome": "Volpine - Igor",
      "razaoSocial": "GOGOCARS CENTRO AUTOMOTIVO LTDA",
      "nomeFantasia": "Volpine",
      "cnpj": "13.458.714/0001-90",
      "telefone": "(31) 93310-0800",
      "email": "contato@gogocars.com.br",
      "endereco": "Rua Jatobás, 740 - Eldorado, Contagem - MG, CEP 32315-110",
      "cidade": "Contagem",
      "estado": "MG",
      "categorias": ["Lanternagem", "Mecânica", "Lanternagem+Mecânica"],
      "ativo": true,
      "observacoes": "Contato: Igor"
    },
    {
      "id": "cargil",
      "nome": "Cargil Centro Automotivo",
      "razaoSocial": "REGILL CENTRO AUTOMOTIVO LTDA",
      "nomeFantasia": "Cargil",
      "cnpj": "42.972.841/0001-00",
      "telefone": "(31) 98960-6695",
      "email": "contato@cargil.com.br",
      "endereco": "R. Cel. Augusto Camargos, 883 - Centro, Contagem - MG, CEP 32015-740",
      "cidade": "Contagem",
      "estado": "MG",
      "categorias": ["Lanternagem", "Mecânica", "Lanternagem+Mecânica"],
      "ativo": true,
      "observacoes": ""
    },
    {
      "id": "novo-de-novo",
      "nome": "Novo de Novo",
      "razaoSocial": "NOVO DE NOVO CENTRO AUTOMOTIVO",
      "nomeFantasia": "Novo de Novo",
      "cnpj": "50.949.588/0001-00",
      "telefone": "(31) 95207-7388",
      "email": "contato@novodenovo.com.br",
      "endereco": "Rua Maria Amélia Teixeira, 483 - Inconfidentes, Contagem - MG",
      "cidade": "Contagem",
      "estado": "MG",
      "categorias": ["Lanternagem", "Mecânica", "Lanternagem+Mecânica"],
      "ativo": true,
      "observacoes": "Contato: Jeferson"
    },
    {
      "id": "vip-car",
      "nome": "VIP Car Centro Automotivo",
      "razaoSocial": "VIP CAR SERVICOS MECANICOS LTDA",
      "nomeFantasia": "VIP Car",
      "cnpj": "20.488.893/0001-73",
      "telefone": "(31) 98576-1077",
      "email": "contato@vipcar.com.br",
      "endereco": "R. VL-23, 30 - Nova Contagem, Contagem - MG, CEP 32050-225",
      "cidade": "Contagem",
      "estado": "MG",
      "categorias": ["Mecânica", "Lanternagem", "Lanternagem+Mecânica"],
      "ativo": true,
      "observacoes": "Contato: Sidney"
    },
    {
      "id": "maximus",
      "nome": "Maximus Centro Automotivo",
      "razaoSocial": "MAXIMUS CENTRO AUTOMOTIVO LTDA",
      "nomeFantasia": "Maximus",
      "cnpj": "07.269.193/0001-20",
      "telefone": "(37) 98081-1404",
      "email": "contato@maximus.com.br",
      "endereco": "Av. Tomaz Gonzaga, 56 - Inconfidentes, Contagem - MG, CEP 32260-150",
      "cidade": "Contagem",
      "estado": "MG",
      "categorias": ["Lanternagem", "Mecânica", "Lanternagem+Mecânica"],
      "ativo": true,
      "observacoes": "Contato: Wanderson"
    },
    {
      "id": "canaa",
      "nome": "Canaã Centro Automotivo",
      "razaoSocial": "CANAA CENTRO AUTOMOTIVO",
      "nomeFantasia": "Canaã",
      "cnpj": "",
      "telefone": "(31) 3363-0273 / (31) 92984-4031",
      "email": "contato@canaa.com.br",
      "endereco": "Av. João de Deus Costa, 354 - Centro, Contagem - MG, CEP 32040-580",
      "cidade": "Contagem",
      "estado": "MG",
      "categorias": ["Lanternagem", "Mecânica", "Lanternagem+Mecânica"],
      "ativo": true,
      "observacoes": "Contato: Leticia"
    },
    {
      "id": "lukinhas",
      "nome": "Lukinhas Lanternagem",
      "razaoSocial": "LUCAS ALVES DE SOUZA",
      "nomeFantasia": "Lukinhas",
      "cnpj": "53.923.474/0001-71",
      "telefone": "(31) 93394-4353",
      "email": "contato@lukinhas.com.br",
      "endereco": "Rua das Bandeiras, 678 - Jardim Laguna, Contagem - MG, CEP 32140-300",
      "cidade": "Contagem",
      "estado": "MG",
      "categorias": ["Lanternagem"],
      "ativo": true,
      "observacoes": ""
    },
    {
      "id": "auto-tech",
      "nome": "Auto Tech Lanternagem",
      "razaoSocial": "AUTO TECH LANTERNAGEM",
      "nomeFantasia": "Auto Tech",
      "cnpj": "",
      "telefone": "(31) 99450-0849",
      "email": "contato@autotech.com.br",
      "endereco": "Rua Agripino de Lima, 81 - Inconfidentes, Contagem - MG",
      "cidade": "Contagem",
      "estado": "MG",
      "categorias": ["Lanternagem"],
      "ativo": true,
      "observacoes": ""
    },
    {
      "id": "ze-augusto",
      "nome": "City Car - Zé Augusto",
      "razaoSocial": "CITY CAR MECANICA",
      "nomeFantasia": "City Car",
      "cnpj": "",
      "telefone": "(31) 91876-6261",
      "email": "contato@citycar.com.br",
      "endereco": "R. Francisco Miguel, 194 - Centro, Contagem - MG, CEP 32041-250",
      "cidade": "Contagem",
      "estado": "MG",
      "categorias": ["Mecânica"],
      "ativo": true,
      "observacoes": "Contato: Zé Augusto"
    },
    {
      "id": "oficina-jairo",
      "nome": "Oficina Jairo",
      "razaoSocial": "OFICINA JAIRO",
      "nomeFantasia": "Oficina Jairo",
      "cnpj": "",
      "telefone": "(31) 97311-0190",
      "email": "contato@oficinajairo.com.br",
      "endereco": "R. das Perpétuas, 307 - Lindéia, Belo Horizonte - MG, CEP 30690-270",
      "cidade": "Belo Horizonte",
      "estado": "MG",
      "categorias": ["Mecânica", "Lanternagem", "Lanternagem+Mecânica"],
      "ativo": true,
      "observacoes": "Contato: Wesley"
    },
    {
      "id": "mcar-marcelo",
      "nome": "MCAR - Marcelo",
      "razaoSocial": "MCAR CENTRO AUTOMOTIVO",
      "nomeFantasia": "MCAR",
      "cnpj": "",
      "telefone": "(31) 98220-7310",
      "email": "contato@mcar.com.br",
      "endereco": "Rua Nádia Avelino, 10 - Eldorado, Contagem - MG",
      "cidade": "Contagem",
      "estado": "MG",
      "categorias": ["Mecânica", "Lanternagem", "Lanternagem+Mecânica"],
      "ativo": true,
      "observacoes": "Contato: Marcelo"
    },
    {
      "id": "cesar-lnc",
      "nome": "LNC Centro Automotivo - César",
      "razaoSocial": "LNC CENTRO AUTOMOTIVO",
      "nomeFantasia": "LNC",
      "cnpj": "",
      "telefone": "(31) 98784-2528",
      "email": "contato@lnc.com.br",
      "endereco": "Av. João XXIII, 320 - Alípio de Melo, Belo Horizonte - MG, CEP 30820-660",
      "cidade": "Belo Horizonte",
      "estado": "MG",
      "categorias": ["Lanternagem", "Mecânica", "Lanternagem+Mecânica"],
      "ativo": true,
      "observacoes": "Contato: César"
    },
    {
      "id": "tatao",
      "nome": "Paint Kar Veículos - Tatão",
      "razaoSocial": "PAINT KAR VEICULOS EIRELI",
      "nomeFantasia": "Paint Kar",
      "cnpj": "01.745.649/0001-02",
      "telefone": "(31) 91150-0908",
      "email": "contato@paintkar.com.br",
      "endereco": "R. Domingos Caldas, 45 - Me. Gertrudes, Belo Horizonte - MG, CEP 30512-730",
      "cidade": "Belo Horizonte",
      "estado": "MG",
      "categorias": ["Lanternagem", "Pintura"],
      "ativo": true,
      "observacoes": "Contato: Tatão"
    },
    {
      "id": "osmar",
      "nome": "Auto Center Floresta - Osmar",
      "razaoSocial": "AUTO CENTER FLORESTA",
      "nomeFantasia": "Auto Center Floresta",
      "cnpj": "50.157.315/0001-70",
      "telefone": "(31) 98474-3830",
      "email": "contato@autocenterfloresta.com.br",
      "endereco": "Rua Jacuí, 692 - Floresta, Belo Horizonte - MG",
      "cidade": "Belo Horizonte",
      "estado": "MG",
      "categorias": ["Mecânica"],
      "ativo": true,
      "observacoes": "Contato: Osmar"
    },
    {
      "id": "jaime-jl",
      "nome": "JL Serviços Automotivos - Jaime",
      "razaoSocial": "JL SERVICOS AUTOMOTIVOS",
      "nomeFantasia": "JL Serviços",
      "cnpj": "",
      "telefone": "(31) 91333-3713",
      "email": "contato@jlservicos.com.br",
      "endereco": "Rua Pitt, 09 - União, Belo Horizonte - MG, CEP 31160-300",
      "cidade": "Belo Horizonte",
      "estado": "MG",
      "categorias": ["Mecânica"],
      "ativo": true,
      "observacoes": "Contato: Jaime"
    },
    {
      "id": "sergio-auto-panting",
      "nome": "Auto Panting - Sérgio",
      "razaoSocial": "AUTO PANTING",
      "nomeFantasia": "Auto Panting",
      "cnpj": "21.021.065/0001-93",
      "telefone": "(31) 98019-2943",
      "email": "contato@autopanting.com.br",
      "endereco": "Rua Vicente Dias Melo, 329 - Mangueiras (Barreiro), Belo Horizonte - MG, CEP 30666-370",
      "cidade": "Belo Horizonte",
      "estado": "MG",
      "categorias": ["Lanternagem", "Pintura"],
      "ativo": true,
      "observacoes": "Contato: Sérgio"
    },
    {
      "id": "beto-agreste",
      "nome": "Agreste - Beto",
      "razaoSocial": "AGRESTE CENTRO AUTOMOTIVO",
      "nomeFantasia": "Agreste",
      "cnpj": "",
      "telefone": "(31) 98880-7605",
      "email": "contato@agreste.com.br",
      "endereco": "Rua Santa Mônica, 22 - Betânia, Belo Horizonte - MG (Esquina com Av. Teresa Cristina)",
      "cidade": "Belo Horizonte",
      "estado": "MG",
      "categorias": ["Mecânica", "Lanternagem"],
      "ativo": true,
      "observacoes": "Contato: Beto. Próximo ao Garapão"
    },
    {
      "id": "baroni-car",
      "nome": "Baroni Car - Geiza",
      "razaoSocial": "BARONI CAR",
      "nomeFantasia": "Baroni Car",
      "cnpj": "",
      "telefone": "(31) 94338-8766",
      "email": "contato@baronicar.com.br",
      "endereco": "",
      "cidade": "Belo Horizonte",
      "estado": "MG",
      "categorias": ["Mecânica"],
      "ativo": true,
      "observacoes": "Contato: Geiza"
    },
    {
      "id": "baicar",
      "nome": "Baicar Centro Automotivo",
      "razaoSocial": "FRANCISCO MARIO DA SILVA",
      "nomeFantasia": "Baicar",
      "cnpj": "67.699.979/6-72",
      "telefone": "",
      "email": "contato@baicar.com.br",
      "endereco": "José Braga da Silva, 60 - Oswaldo Barbosa Pena II, Nova Lima - MG, CEP 34002-053",
      "cidade": "Nova Lima",
      "estado": "MG",
      "categorias": ["Mecânica"],
      "ativo": true,
      "observacoes": ""
    },
    {
      "id": "solucoes-aluguel",
      "nome": "Soluções Aluguel de Carros",
      "razaoSocial": "SOLUCOES ALUGUEL DE CARROS LTDA",
      "nomeFantasia": "Soluções",
      "cnpj": "",
      "telefone": "(31) 98321-3800 / (31) 99881-7094",
      "email": "contato@solucoes.com.br",
      "endereco": "R. João de Deus Fiuza de Moura, 124 - Morada do Trevo, Betim - MG, CEP 32600-800",
      "cidade": "Betim",
      "estado": "MG",
      "categorias": ["Mecânica"],
      "ativo": true,
      "observacoes": "Contatos: Rodrigo e Gustavo"
    },
    {
      "id": "mauro-para-minas",
      "nome": "Oficina Carvalho de Oliveira - Mauro",
      "razaoSocial": "OFICINA CARVALHO DE OLIVEIRA LANTERNAGEM E PINTURA LTDA ME",
      "nomeFantasia": "Carvalho de Oliveira",
      "cnpj": "16.967.534/0001-21",
      "telefone": "(37) 99932-1200",
      "email": "contato@carvalhooliveira.com.br",
      "endereco": "Avenida Professor Melo Cançado, 315 - São José, Pará de Minas - MG",
      "cidade": "Pará de Minas",
      "estado": "MG",
      "categorias": ["Lanternagem", "Pintura"],
      "ativo": true,
      "observacoes": "Contato: Mauro"
    },
    {
      "id": "ns-auxiliadora",
      "nome": "Nossa Senhora Auxiliadora",
      "razaoSocial": "NOSSA SENHORA AUXILIADORA CENTRO AUTOMOTIVO",
      "nomeFantasia": "NS Auxiliadora",
      "cnpj": "",
      "telefone": "(37) 99147-7292",
      "email": "contato@nsauxiliadora.com.br",
      "endereco": "Pedro Celestino Mendonça, 219 - Belvedere, Pará de Minas - MG, CEP 35661-292",
      "cidade": "Pará de Minas",
      "estado": "MG",
      "categorias": ["Mecânica"],
      "ativo": true,
      "observacoes": ""
    },
    {
      "id": "vitoria-reparacao",
      "nome": "Vitória Reparação Automotiva",
      "razaoSocial": "VITORIA REPARACAO AUTOMOTIVA",
      "nomeFantasia": "Vitória Reparação",
      "cnpj": "19.558.526/0001-10",
      "telefone": "(37) 99937-5625",
      "email": "contato@vitoriareparacao.com.br",
      "endereco": "Av. Getúlio Vargas, 1885 - Centro, Itaúna - MG",
      "cidade": "Itaúna",
      "estado": "MG",
      "categorias": ["Mecânica", "Lanternagem"],
      "ativo": true,
      "observacoes": "Contato: Daniela"
    },
    {
      "id": "automotiva-itauna",
      "nome": "Automotiva Itaúna",
      "razaoSocial": "AUTOMOTIVA ITAUNA LTDA",
      "nomeFantasia": "Automotiva Itaúna",
      "cnpj": "28.456.637/0001-06",
      "telefone": "(37) 99883-3600",
      "email": "contato@automotivaitauna.com.br",
      "endereco": "Rua Estados Unidos, 322 - Nogueira Machado, Itaúna - MG",
      "cidade": "Itaúna",
      "estado": "MG",
      "categorias": ["Mecânica"],
      "ativo": true,
      "observacoes": "Contato: Alisson"
    },
    {
      "id": "beto-cia",
      "nome": "Beto e Cia Autos",
      "razaoSocial": "RAFAEL LUCAS DE BESSA BARBOSA",
      "nomeFantasia": "Beto e Cia",
      "cnpj": "53.700.279/0001-82",
      "telefone": "(37) 99240-0740",
      "email": "contato@betoeciaautos.com.br",
      "endereco": "R. Noé de Anunciação Prado, 371 - Universitário, Itaúna - MG, CEP 35681-296",
      "cidade": "Itaúna",
      "estado": "MG",
      "categorias": ["Mecânica"],
      "ativo": true,
      "observacoes": ""
    },
    {
      "id": "famaral-car",
      "nome": "Famaral Car - Fernanda",
      "razaoSocial": "FAMARAL CAR",
      "nomeFantasia": "Famaral Car",
      "cnpj": "",
      "telefone": "(37) 96703-3255",
      "email": "contato@famaralcar.com.br",
      "endereco": "Rua Sebastião Alves de Oliveira, 383 - Santa Sara, Nova Serrana - MG, CEP 35527-100",
      "cidade": "Nova Serrana",
      "estado": "MG",
      "categorias": ["Mecânica"],
      "ativo": true,
      "observacoes": "Contato: Fernanda"
    }
  ],
  "metadados": {
    "versao": "1.0",
    "dataAtualizacao": "2026-02-11",
    "totalOficinas": 28,
    "cidades": ["Contagem", "Belo Horizonte", "Nova Lima", "Betim", "Pará de Minas", "Itaúna", "Nova Serrana"],
    "categorias": ["Mecânica", "Lanternagem", "Lanternagem+Mecânica", "Pintura"]
  }
}